split,tuned_method,N,n01_base_wrong_tuned_right,n10_base_right_tuned_wrong,discordant_pairs,delta_accuracy,mcnemar_p_two_sided,acc_base_mean,acc_base_lo,acc_base_hi,acc_tuned_mean,acc_tuned_lo,acc_tuned_hi,acc_diff_mean,acc_diff_lo,acc_diff_hi,macro_f1_base_mean,macro_f1_base_lo,macro_f1_base_hi,macro_f1_tuned_mean,macro_f1_tuned_lo,macro_f1_tuned_hi,macro_f1_diff_mean,macro_f1_diff_lo,macro_f1_diff_hi
test,prompt_tuning,89,46,22,68,0.2696629213483146,0.004903382516355933,0.4491707865168539,0.34831460674157305,0.550561797752809,0.7184112359550562,0.6179775280898876,0.8089887640449438,0.2692404494382022,0.0898876404494382,0.43820224719101125,0.38572306259460054,0.29393572677154767,0.4802734653183307,0.6441872485240736,0.5310304449648712,0.7542634399870067,0.2584641859294731,0.10898624879949707,0.4088959759624637
test,prefix_tuning,89,44,18,62,0.29213483146067415,0.0012990027709550095,0.4491707865168539,0.34831460674157305,0.550561797752809,0.742341573033708,0.651685393258427,0.8314606741573034,0.29317078651685385,0.13455056179775285,0.44943820224719105,0.38572306259460054,0.29393572677154767,0.4802734653183307,0.701442778821574,0.5977401129943504,0.8020022246941045,0.3157197162269735,0.17076648883996276,0.45762652227750844
